{
	"tetrode_plate_scale": 0.33589059639624425,
	"tetrode_plate_drift_level": 1.148646279304871,
	"tetrode_plate_drift_tau": -0.2438410848543632,
	"tetrode_plate_drift_depth": 0.17367876771210855,
	"tetrode_plate_drift2_level": 0.563903892195128,
	"tetrode_plate_drift2_depth": -0.011370372891733838,
	"tetrode_plate_clip": 0.5109375554022794,
	"tetrode_plate_clip_corner": 1.0711497469748048,
	"tetrode_plate_comp_tau": -1.3073305167006501,
	"tetrode_plate_comp_depth": -0.5416368449940804,
	"tetrode_plate_cross_corner": 0.5973931452910285,
	"tetrode_lp_freq": 0.488685923682607,
	"tetrode_hp_freq": -2.8818659357464655,
	"tetrode_plate_sag_toggle": -1.0,
	"tetrode_plate_sag_depth": 0.0,
	"tetrode_plate_sag_tau": 0.0,
	"tetrode_plate_sag_ratio": 0.0,
	"tetrode_plate_sag_onset": 0.0
}