{
	"tetrode_plate_scale": 0.33583141551513074,
	"tetrode_plate_drift_level": 1.1484869343493673,
	"tetrode_plate_drift_tau": -0.24388870020264064,
	"tetrode_plate_drift_depth": 0.17385345106703046,
	"tetrode_plate_drift2_level": 0.5639156012021751,
	"tetrode_plate_drift2_depth": -0.01112544092897139,
	"tetrode_plate_clip": 0.5106009441069015,
	"tetrode_plate_clip_corner": 1.0710343949606498,
	"tetrode_plate_comp_tau": -1.3110787618638589,
	"tetrode_plate_comp_depth": -0.5419920337066666,
	"tetrode_plate_cross_corner": 0.5972299035677747,
	"tetrode_lp_freq": 0.48616576828102687,
	"tetrode_hp_freq": -2.8814475303182263,
	"tetrode_plate_sag_toggle": -1.0,
	"tetrode_plate_sag_depth": 0.0,
	"tetrode_plate_sag_tau": 0.0,
	"tetrode_plate_sag_ratio": 0.0,
	"tetrode_plate_sag_onset": 0.0
}