{
	"tetrode_plate_power": 0.0,
	"tetrode_plate_bias": -2.549860831870616,
	"tetrode_plate_scale": -0.5029362035981587,
	"tetrode_plate_point": 0.9329081930403619,
	"tetrode_plate_taus": 0.14744699842085277,
	"tetrode_plate_corner": 0.1308648214436856,
	"tetrode_plate_clip": -0.25759468453333056,
	"tetrode_plate_corner_b": -1.507607597073314,
	"tetrode_plate_hp": -4.969384251050421
}