{
	"tetrode_hp_freq": -8.160796458864125,
	"tetrode_grid_offset1": 0.04772431609777386,
	"tetrode_grid_offset2": -2.047725978959971,
	"tetrode_grid_taus": 0.00020894294004069442,
	"tetrode_grid_level": 0.4244118991603329,
	"tetrode_grid_tau": -0.6103050950394687,
	"tetrode_grid_ratio": 0.6149084115050863
}