{
	"tetrode_plate_power": 0.0,
	"tetrode_plate_bias": -2.540845905631699,
	"tetrode_plate_scale": -0.502671854691581,
	"tetrode_plate_point": 0.9331424242758657,
	"tetrode_plate_taus": 0.14717603748245178,
	"tetrode_plate_corner": 0.17246592737369476,
	"tetrode_plate_clip": -0.2575344531811908,
	"tetrode_plate_corner_b": -1.5078047546715245,
	"tetrode_plate_hp": -4.820687767798901
}