{
	"tetrode_plate_scale": 0.3358306086821008,
	"tetrode_plate_drift_level": 1.1484842420167016,
	"tetrode_plate_drift_tau": -0.24389436997621905,
	"tetrode_plate_drift_depth": 0.1738520324233216,
	"tetrode_plate_drift2_level": 0.5639132172565816,
	"tetrode_plate_drift2_depth": -0.011109103390035778,
	"tetrode_plate_clip": 0.5105934341594514,
	"tetrode_plate_clip_corner": 1.0710322240973433,
	"tetrode_plate_comp_tau": -1.3111084217730666,
	"tetrode_plate_comp_depth": -0.5419944181143543,
	"tetrode_plate_cross_corner": 0.5972255585154223,
	"tetrode_lp_freq": 0.48607193474461585,
	"tetrode_hp_freq": -2.8814450332425805,
	"tetrode_plate_sag_toggle": -1.0,
	"tetrode_plate_sag_depth": 0.0,
	"tetrode_plate_sag_tau": 0.0,
	"tetrode_plate_sag_ratio": 0.0,
	"tetrode_plate_sag_onset": 0.0
}