{
	"tetrode_hp_freq": -6.358173998055507,
	"tetrode_grid_offset1": 0.04810578804216777,
	"tetrode_grid_offset2": -2.0481055337349305,
	"tetrode_grid_taus": 0.0001980396344824621,
	"tetrode_grid_level": 0.4244018851892152,
	"tetrode_grid_tau": -0.6102037661533044,
	"tetrode_grid_ratio": 0.6148690991618014
}