{
	"tetrode_plate_power": 0.0,
	"tetrode_plate_bias": -1.57509508072527,
	"tetrode_plate_scale": -0.5594135509025624,
	"tetrode_plate_point": -12.613975133517902,
	"tetrode_plate_level": -0.5551660331979449,
	"tetrode_plate_tau": 0.018478604079054654,
	"tetrode_plate_ratio": 0.3132526979606767,
	"tetrode_plate_corner": -0.20684712806160116,
	"tetrode_plate_clip": 0.005307900046903605,
	"tetrode_plate_level_b": -12.152000613282361,
	"tetrode_plate_tau_b": 0.4243600180493667,
	"tetrode_plate_ratio_b": 1903.1637868846378
}