{
	"tetrode_plate_scale": 0.314794129925567,
	"tetrode_plate_drift_level": 0.8753485768597797,
	"tetrode_plate_drift_tau": -0.20943645605034072,
	"tetrode_plate_drift_depth": 0.1512931018107139,
	"tetrode_plate_drift2_level": 0.5374065863344037,
	"tetrode_plate_drift2_depth": -0.020196385834782157,
	"tetrode_plate_clip": 0.38669665878190373,
	"tetrode_plate_clip_corner": 1.0496311582023214,
	"tetrode_plate_comp_tau": -1.0915961822764524,
	"tetrode_plate_comp_depth": -0.6951565247814531,
	"tetrode_plate_cross_corner": 0.5941641072628338,
	"tetrode_plate_sag_toggle": -1.0,
	"tetrode_plate_sag_depth": 0.0,
	"tetrode_plate_sag_tau": 0.0,
	"tetrode_plate_sag_ratio": 0.0,
	"tetrode_plate_sag_onset": 0.0
}