{
	"tetrode_plate_scale": 0.39979758798693954,
	"tetrode_plate_drift_level": 0.4877098369781846,
	"tetrode_plate_drift_tau": -0.22370743838114132,
	"tetrode_plate_drift_depth": 0.18258847494556812,
	"tetrode_plate_clip": 0.18642082297399315,
	"tetrode_plate_clip_corner": 1.1325306869976335,
	"tetrode_plate_comp_tau": -0.3133557414781554,
	"tetrode_plate_comp_depth": -1.127463489380981,
	"tetrode_plate_cross_corner": 0.6868355409590965,
	"tetrode_plate_sag_level": 1.5366461168305687,
	"tetrode_plate_sag_depth": 0.42162201519620257
}