{
	"triode_plate_power": 0.0,
	"triode_plate_bias": -0.06884415354381974,
	"triode_plate_scale": -0.5534144836216482,
	"triode_plate_corner": -0.3080320734508546,
	"triode_plate_clip": 0.712101814449466,
	"triode_plate_level_b": -0.1911161147081152,
	"triode_plate_tau_b": -0.4565295923757817,
	"triode_plate_ratio_b": 0.6690959602566606,
	"triode_plate_cap_b": -0.7078196517677837,
	"triode_plate_scale_b": -0.2505888122467578,
	"triode_plate_smooth_b": -0.10983853177505387
}