{
	"triode_plate_bias": 2.396474531664935,
	"triode_plate_bias_corner": 0.4950481366865904,
	"triode_plate_scale": 1.5244017998629014,
	"triode_plate_clip": -1.0320647160917953,
	"triode_plate_corner": -0.06756084928491135,
	"triode_plate_drift_level": 0.10242381891349223,
	"triode_plate_drift_tau": -1.0992342894000091,
	"triode_plate_drift_depth": -0.8226255030317446,
	"triode_plate_comp_level": -1.4381441261197536,
	"triode_plate_comp_tau": -0.9503684641908478,
	"triode_plate_comp_ratio": 1.9856682131917849,
	"triode_plate_comp_depth": -0.2338176122301135,
	"triode_plate_comp_corner": -0.016896717392943298,
	"triode_plate_comp_offset": 0.0,
	"triode_lp_freq": 2.889677908251826
}