{
	"triode_plate_bias": 2.3959463294470686,
	"triode_plate_bias_corner": 0.49496433405420226,
	"triode_plate_scale": 1.5243938835306972,
	"triode_plate_clip": -1.0324040671168286,
	"triode_plate_corner": -0.07156033515342776,
	"triode_plate_drift_level": 0.10223747785396611,
	"triode_plate_drift_tau": -1.0989611572064146,
	"triode_plate_drift_depth": -0.8226774418320513,
	"triode_plate_comp_level": -1.4378503112178929,
	"triode_plate_comp_tau": -0.9502670832121507,
	"triode_plate_comp_ratio": 1.9855180984855498,
	"triode_plate_comp_depth": -0.23370594504291958,
	"triode_plate_comp_corner": -0.017503093042011995,
	"triode_plate_comp_offset": 0.0,
	"triode_lp_freq": 2.8916563998443032
}