{
	"triode_hp_freq": 0.45277057065504245,
	"triode_grid_tau": -1.358083186042942,
	"triode_grid_ratio": 1.2083957723064804,
	"triode_grid_smooth": 1.4990574821986107,
	"triode_grid_level": 0.334990393704137,
	"triode_grid_clip": 0.6033135807847192,
	"triode_grid_corner": 0.20977686887412533
}