{
	"triode_plate_bias": 2.3820509251813013,
	"triode_plate_bias_corner": 0.4922733177468244,
	"triode_plate_scale": 1.5240343252552122,
	"triode_plate_clip": -1.0330604242352779,
	"triode_plate_corner": -0.0708244672847523,
	"triode_plate_drift_level": 0.10231789374866268,
	"triode_plate_drift_tau": -1.084916126843878,
	"triode_plate_drift_depth": -0.8273638001711218,
	"triode_plate_comp_level": -1.4267245762874985,
	"triode_plate_comp_tau": -0.9488479908598025,
	"triode_plate_comp_ratio": 1.9569847239373384,
	"triode_plate_comp_depth": -0.23071994604317214,
	"triode_plate_comp_corner": -0.017190115779453313,
	"triode_plate_comp_offset": 0.0
}
