{
	"triode_hp_freq": 0.45273027525006654,
	"triode_grid_tau": -1.3578389230735637,
	"triode_grid_ratio": 1.209337617865498,
	"triode_grid_smooth": 1.5107939102897103,
	"triode_grid_level": 0.3352702860953485,
	"triode_grid_cap": 1.7438358421713924,
	"triode_grid_clip": 0.5547781845655086,
	"triode_grid_corner": 0.16414256776550815
}