{
	"triode_hp_freq": 0.45220954802775687,
	"triode_grid_tau": -1.4138480182009694,
	"triode_grid_ratio": 1.2425478883375596,
	"triode_grid_smooth": 1.5629843435103337,
	"triode_grid_level": 0.33594186240177787,
	"triode_grid_cap": 9.940021204605877,
	"triode_grid_clip": 0.37192993015628245,
	"triode_grid_corner": -0.026096671268940577
}