{
	"triode_hp_freq": 0.45218728121160007,
	"triode_grid_tau": -1.4120773519222358,
	"triode_grid_ratio": 1.2417459742014247,
	"triode_grid_smooth": 1.5693466325675385,
	"triode_grid_level": 0.33821556268455644,
	"triode_grid_cap": 9.879311322468926,
	"triode_grid_clip": 0.1826775513339053,
	"triode_grid_corner": -0.4062808994466517
}