{
	"triode_hp_freq": 0.4527705705292196,
	"triode_grid_tau": -1.3580953554397157,
	"triode_grid_ratio": 1.2084229394384471,
	"triode_grid_smooth": 1.4990443756003002,
	"triode_grid_level": 0.3350246896633947,
	"triode_grid_clip": 0.6033135807847192,
	"triode_grid_corner": 0.209755937243952
}