{
	"triode_plate_bias": 2.36489079348747,
	"triode_plate_bias_corner": 0.4887126400569682,
	"triode_plate_scale": 1.5241313788297521,
	"triode_plate_clip": -1.077285286532301,
	"triode_plate_corner": 0.2359279869360829,
	"triode_plate_drift_level": 0.10205470430271456,
	"triode_plate_drift_tau": -1.0840010674976355,
	"triode_plate_drift_depth": -0.8258673618327499,
	"triode_plate_comp_level": -1.007033670612203,
	"triode_plate_comp_tau": -1.0990826423192903,
	"triode_plate_comp_ratio": 3.113353965137635,
	"triode_plate_comp_depth": -0.1562768246580405,
	"triode_plate_comp_cap": 2.5306655350429876,
	"triode_plate_comp_corner": 0.01733028877340732,
	"triode_plate_comp_offset": 0.0
}